{
  "plugins": [
    "node-workspace"
  ],
  "changelog-sections": [
    {
      "type": "feat",
      "section": "Features",
      "hidden": false
    },
    {
      "type": "fix",
      "section": "Bug Fixes",
      "hidden": false
    },
    {
      "type": "docs",
      "section": "Documentation",
      "hidden": false
    },
    {
      "type": "deps",
      "section": "Dependencies",
      "hidden": false
    },
    {
      "type": "chore",
      "hidden": true
    }
  ],
  "packages": {
    ".": {
      "package-name": ""
    },
    "workspaces/arborist": {
    },
    "workspaces/config": {
    },
    "workspaces/libnpmaccess": {
    },
    "workspaces/libnpmdiff": {
    },
    "workspaces/libnpmexec": {
    },
    "workspaces/libnpmfund": {
    },
    "workspaces/libnpmhook": {
    },
    "workspaces/libnpmorg": {
    },
    "workspaces/libnpmpack": {
    },
    "workspaces/libnpmpublish": {
    },
    "workspaces/libnpmsearch": {
    },
    "workspaces/libnpmteam": {
    },
    "workspaces/libnpmversion": {
    }
  },
  "prerelease": false,
  "exclude-packages-from-root": true,
  "group-pull-request-title-pattern": "chore: release ${version}",
  "pull-request-title-pattern": "chore: release${component} ${version}"
}
